Sl. No.,India/State/Union Territory,Districts - 2001,Sub- Districts - 2001,No. of Towns - Statutory Towns - 2001,No. of Towns - Census Towns - 2001,Villages - 2001,Districts - 2011,Sub-Districts - 2011,No. of Towns - Statutory Towns - 2011,No. of Towns - Census Towns - 2011,Villages - 2011
India,India,593,5463,3799,1362,638588,640,5924,4041,3894,640867
1,Andhra Pradesh,23,1125,117,93,28123,23,1128,125,228,27800
2,Arunachal Pradesh,13,149,0,17,4065,16,188,26,1,5589
3,Assam,23,142,80,45,26312,27,153,88,126,26395
4,Bihar,37,533,125,5,45098,38,534,139,60,44874
5,Chhattisgarh,16,97,75,22,20308,18,149,168,14,20126
6,Goa,2,11,14,30,359,2,11,14,56,334
7,Gujarat,25,226,168,74,18539,26,225,195,153,18225
8,Haryana,19,67,84,22,6955,21,74,80,74,6841
9,Himachal Pradesh,12,109,56,1,20118,12,117,56,3,20690
10,Jammu & Kashmir,14,59,72,3,6652,22,82,86,36,6551
11,Jharkhand,18,210,44,108,32615,24,260,40,188,32394
12,Karnataka,27,175,226,44,29406,30,176,220,127,29340
13,Kerala,14,63,60,99,1364,14,63,59,461,1018
14,Madhya Pradesh,45,259,339,55,55393,50,342,364,112,54903
15,Maharashtra,35,353,251,127,43711,35,355,256,279,43663
16,Manipur,9,38,28,5,2391,9,38,28,23,2588
17,Meghalaya,7,32,10,6,6026,7,39,10,12,6839
18,Mizoram,8,22,22,0,817,8,26,23,0,830
19,Nagaland,8,93,8,1,1317,11,114,19,7,1428
20,NCT of Delhi,9,27,3,59,165,9,27,3,110,112
21,Odisha,30,397,107,31,51349,30,476,107,116,51313
22,Punjab,17,72,139,18,12673,20,77,143,74,12581
23,Rajasthan,32,241,184,38,41353,33,244,185,112,44672
24,Sikkim,4,9,8,1,452,4,9,8,1,452
25,Tamil Nadu,30,201,721,111,16317,32,215,721,376,15979
26,Tripura,4,38,13,10,870,4,40,16,26,875
27,Uttar Pradesh,70,300,638,66,107452,71,312,648,267,106704
28,Uttarakhand,13,49,74,12,16826,13,78,74,42,16793
29,West Bengal,18,341,123,252,40782,19,341,129,780,40203
30,Andaman & Nicobar Islands,2,7,1,2,547,3,9,1,4,555
31,Chandigarh,1,1,1,0,24,1,1,1,5,5
32,Dadra & Nagar Haveli,1,1,0,2,70,1,1,1,5,65
33,Daman & Diu,2,2,2,0,23,2,2,2,6,19
34,Lakshadweep,1,4,0,3,24,1,10,0,6,21
35,Puducherry,4,10,6,0,92,4,8,6,4,90
